WKT,Edge ID,From Node,To Node ID,Two Way,Speed (m/s,Vertex Cou
"LINESTRING (1685868.020305171143264 247200.663098288263427,1685777.499590232037008 247242.283244464517338)",884147800426,884147800484,884147800489,1,11.111111110000000,2
"LINESTRING (1685777.499590232037008 247242.283244464517338,1685623.372072838945314 247314.314592356909998)",884147800427,884147800489,884147800464,1,11.111111110000000,2
"LINESTRING (1686660.904676540521905 244787.2334721875377,1686647.976399097824469 244764.941365424834657,1686642.994509007781744 244743.496382051234832,1686642.638586002867669 244721.974905229435535,1686646.601262268377468 244681.790204700053437)",884147801455,884147801382,884147801383,0,5.833333333000000,5
"LINESTRING (1688206.321204310283065 245264.700020001851954,1688198.276919809868559 245338.221028092288179,1688196.16485317540355 245370.546785890124738,1688189.262970446608961 245553.642719673342071)",884147800428,884147800490,884147800450,1,16.666666670000001,4
"LINESTRING (1686646.601262268377468 244681.790204700053437,1686678.611116619547829 244658.755052948719822,1686710.332211814355105 244658.230607616598718)",884147801456,884147801383,884147801384,0,5.833333333000000,3
"LINESTRING (1690298.279932432342321 241170.542758797877468,1690175.061569013167173 241438.712176142609678,1690114.834194082068279 241556.139888156991219,1690061.835117527050897 241630.3950086357072,1690011.176253237295896 241686.020252613845514,1689884.919205789687112 241808.442862062889617,1689790.569981878856197 241900.988650110870367,1689737.509095785673708 241971.331670690793544,1689686.543585791951045 242048.490134549094364,1689645.977369277738035 242114.714796263171593,1689615.389669454889372 242184.690184416045668,1689584.429708878044039 242272.284972325578565,1689478.537731285672635 242588.122616926615592,1689379.922972422791645 242863.722566082287813,1689311.703549222787842 243057.60808727593394,1689247.470196827780455 243212.287949533638312,1689183.045370782027021 243355.229016990371747,1689123.443280984414741 243469.71429160606931,1689037.275079868733883 243616.926636229210999,1688955.493578942259774 243749.389677950268378,1688620.596973915817216 244207.94166185031645,1688553.474265643861145 244306.896167857164983,1688444.845093922456726 244454.480499830533518,1688367.407876846147701 244569.261515651916852,1688329.607945219613612 244642.293280726560624,1688303.832429577130824 244722.955463827383937,1688282.924510673852637 244818.215344275522511,1688271.930495640728623 244873.19304262867081)",884147800429,884147800491,884147800492,1,16.666666670000001,28
"LINESTRING (1686710.332211814355105 244658.230607616598718,1686737.97720975568518 244691.043152853118954,1686751.018637188477442 244720.183064194890903,1686756.178307660622522 244752.388815606478602,1686767.837675671558827 244857.875860488158651)",884147801457,884147801384,884147801385,0,5.833333333000000,5
"LINESTRING (1688231.145781665341929 245126.320926369866356,1688206.321204310283065 245264.700020001851954)",884147800430,884147800493,884147800490,1,16.666666670000001,2
"LINESTRING (1686646.601262268377468 244681.790204700053437,1686664.615091824438423 244571.898503433098085)",884147801458,884147801383,884147801386,0,5.833333333000000,2
"LINESTRING (1688271.930495640728623 244873.19304262867081,1688251.634563643019646 245005.626475507480791)",884147800431,884147800492,884147800494,1,16.666666670000001,2
"LINESTRING (1686664.615091824438423 244571.898503433098085,1686710.332211814355105 244658.230607616598718)",884147801459,884147801386,884147801384,0,5.833333333000000,2
"LINESTRING (1688251.634563643019646 245005.626475507480791,1688231.145781665341929 245126.320926369866356)",884147800432,884147800494,884147800493,1,16.666666670000001,2
"LINESTRING (1686670.493347672512755 244487.64889791214955,1686664.615091824438423 244571.898503433098085)",884147801460,884147801387,884147801386,1,5.833333333000000,2
"LINESTRING (1688186.115589853841811 246727.913004655769328,1688197.890278394334018 247122.060989980876911)",884147800433,884147800495,884147800496,1,16.666666670000001,2
"LINESTRING (1686670.493347672512755 244487.64889791214955,1686638.594006376340985 244477.412672043341445,1686608.8551965279039 244477.904450797068421,1686557.906680787680671 244514.952185180853121,1686459.616438264027238 244527.341852935584029,1686398.577352907275781 244553.793293468945194,1686345.115560300881043 244598.711334068066208,1686296.522959288209677 244658.226675396581413,1686265.822320244740695 244720.381474828958744,1686260.908042061608285 244742.968720396689605,1686263.972599053755403 244768.359420087770559,1686286.137054187478498 244789.519851220451528,1686417.099006397183985 244794.201889958407264,1686525.915624540764838 244818.821479033824289,1686604.492123782169074 244813.607760668441188,1686660.904676540521905 244787.2334721875377)",884147801461,884147801387,884147801382,1,5.833333333000000,16
"LINESTRING (1688189.262970446608961 245553.642719673342071,1688173.576028740266338 245805.379302395478589)",884147800434,884147800450,884147800497,1,16.666666670000001,2
"LINESTRING (1685500.779782474739477 244069.627949960849946,1685634.963777874130756 243869.74110523078707,1685713.117808797396719 243798.970113578863675,1685798.31927610328421 243754.502568835247075,1685889.14879383193329 243730.490985072421608,1686101.002303717890754 243709.3674523702648,1686337.649228938156739 243708.384768731018994,1686433.850496052531525 243729.298659932537703,1686495.847232687752694 243760.564006694388809,1686618.488407414406538 243861.279799983138219,1686661.143223871476948 243922.221022382756928,1686694.788082065992057 243997.989036552520702,1686706.09227651800029 244081.954558651836123,1686704.904489572392777 244170.040666348621016,1686678.594547752058133 244377.921115993318381,1686670.493347672512755 244487.64889791214955)",884147801462,884147801388,884147801387,1,5.833333333000000,16
"LINESTRING (1688204.735499359667301 247377.340902593801729,1688209.66409286018461 247556.328147420048481,1688196.624849654501304 247647.544667965121334)",884147800435,884147800498,884147800499,1,16.666666670000001,3
"LINESTRING (1685056.45462039555423 243467.390471953141969,1685463.876124784816056 243479.215973401733208,1685481.238058887654915 243489.691515888349386,1685499.022114236140624 243525.601517043920467,1685507.866837635403499 243620.3709117063554,1685523.737741580232978 243700.345957951503806,1685524.40337854786776 243740.454119318455923,1685525.913238025037572 243831.431168804061599,1685519.37409799802117 243875.572956950054504,1685503.701106601860374 243966.835153659223579,1685494.404902657493949 244004.173086028487887,1685495.070612188894302 244044.281247379112756,1685500.779782474739477 244069.627949960849946)",884147801463,884147801389,884147801388,1,5.833333333000000,13
"LINESTRING (1688197.890278394334018 247122.060989980876911,1688204.735499359667301 247377.340902593801729)",884147800436,884147800496,884147800498,1,16.666666670000001,2
"LINESTRING (1685500.779782474739477 244069.627949960849946,1685218.347382486797869 244577.27518170903204,1685155.755762206623331 244669.317122627049685,1685082.894281205022708 244740.002553559548687,1685007.146004389040172 244796.058491149567999,1684894.986383992945775 244848.806082853319822,1684825.906353558180854 244868.546717455610633)",884147801464,884147801388,884147801390,1,5.833333333000000,7
"LINESTRING (1688184.859746316215023 246651.609463387838332,1688186.115589853841811 246727.913004655769328)",884147800437,884147800500,884147800495,1,16.666666670000001,2
"LINESTRING (1684825.906353558180854 244868.546717455610633,1684829.574874597135931 244930.132333952788031)",884147801465,884147801390,884147801391,1,5.833333333000000,2
"LINESTRING (1688173.576028740266338 245805.379302395478589,1688171.172206052578986 245940.453983741288539)",884147800438,884147800497,884147800501,1,16.666666670000001,2
"LINESTRING (1684829.574874597135931 244930.132333952788031,1684910.745147612178698 244921.932891710108379,1684920.722920878091827 244925.681062296440359,1684936.215192908653989 244943.03680340887513,1684938.441725468495861 244957.677553073706804,1684941.597379029262811 245147.457553650980117,1684939.923922436544672 245166.07721609249711,1684934.816147495061159 245176.92583522174391,1684915.104878014884889 245184.103195167321246)",884147801466,884147801391,884147801392,1,5.833333333000000,9
"LINESTRING (1688171.172206052578986 245940.453983741288539,1688184.859746316215023 246651.609463387838332)",884147800439,884147800501,884147800500,1,16.666666670000001,2
"LINESTRING (1684829.574874597135931 244930.132333952788031,1684745.777556525310501 244939.354346092964988,1684736.63964380742982 244946.355992899480043,1684724.457944668829441 244969.064572363422485,1684730.128875082824379 245150.974579569709022,1684742.447167422855273 245176.21111290040426,1684762.402515647932887 245183.707282627583481)",884147801467,884147801391,884147801393,1,5.833333333000000,7
"LINESTRING (1688173.576028740266338 245805.379302395478589,1688156.040577405598015 245784.1405341286154,1688128.641129887895659 245765.999669535347493,1688096.809154020156711 245759.673987623478752,1688071.698076172964647 245760.087331316404743,1688034.869461462832987 245771.457283368945355)",884147800440,884147800497,884147800451,0,16.666666670000001,6
"LINESTRING (1683625.910996572813019 244855.273063317552442,1683712.24597085127607 244879.273385946726194,1683769.519752589752898 244904.737552804115694,1683824.378522737184539 244943.941446147160605,1683949.058190268231556 245047.541638084570877,1684006.314829004462808 245072.028274997894187,1684095.226443319115788 245092.073278944095364,1684151.94462797162123 245084.278216274658917,1684208.467209549853578 245064.744362110330258,1684262.167221680982038 245034.494004107982619,1684356.718366240151227 244956.594436697138008,1684452.403582944534719 244907.053498370863963,1684555.072363479528576 244879.9027186386229,1684825.906353558180854 244868.546717455610633)",884147801468,884147801394,884147801390,1,5.833333333000000,14
"LINESTRING (1685623.372072838945314 247314.314592356909998,1685710.129093140363693 247484.115915320318891,1685730.795667292084545 247534.656036938278703,1685732.613165845163167 247644.219856473384425)",884147800698,884147800464,884147800703,1,5.833333333000000,4
"LINESTRING (1686530.609674446750432 246740.550597414374352,1686560.717180538689718 246762.558428022253793,1686592.726050300057977 246779.642272778699407,1686629.924031821778044 246790.769251252582762,1686667.041074385168031 246797.005056949477876,1686751.025058276252821 246799.530533070879756)",884147800441,884147800502,884147800452,0,16.666666670000001,6
"LINESTRING (1684762.402515647932887 245183.707282627583481,1684915.104878014884889 245184.103195167321246)",884147801469,884147801393,884147801392,1,5.833333333000000,2
"LINESTRING (1684860.659163703676313 247235.982433732831851,1685014.428529479773715 247579.820994689769577)",884147800699,884147800704,884147800465,1,11.111111110000000,2
"LINESTRING (1686530.609674446750432 246740.550597414374352,1686601.451060292311013 246867.564470074139535)",884147800442,884147800502,884147800453,0,16.666666670000001,2
"LINESTRING (1683683.1583610503003 243413.937780582375126,1683720.168730322737247 243413.320083796686959,1683742.09269855171442 243419.80384100554511,1683762.229860245250165 243438.059662498504622,1683795.397436306811869 243484.475128210644471,1683813.625426813494414 243546.796193629474146,1683836.422862873179838 243724.506236424087547,1683839.205298330402002 243772.407228457479505,1683835.362548739882186 243819.440229924890446,1683819.64859561691992 243907.769070318230661,1683758.155218546278775 244065.358116621704539,1683744.424485947936773 244153.653935878566699,1683751.164557444863021 244240.629623469430953,1683795.012252238346264 244491.377254922146676,1683790.770155918318778 244554.073236587777501,1683778.883171516470611 244594.390855750272749,1683767.281593441963196 244612.19778928879532,1683670.577575156698003 244719.491805064695654,1683651.192927811061963 244746.235403377882903,1683639.175707892281935 244778.727140628470806,1683625.910996572813019 244855.273063317552442)",884147801470,884147801395,884147801394,1,5.833333333000000,21
"LINESTRING (1688196.624849654501304 247647.544667965121334,1688321.440000785281882 247761.934438122203574,1688376.039737288374454 247786.477768114942592,1688403.194739297963679 247789.945234693062957,1688869.021619418635964 247782.290233161125798,1689805.413305872585624 247773.786610439594369)",884147800700,884147800499,884147800705,1,11.111111110000000,6
"LINESTRING (1684554.800577339483425 246014.988381049217423,1684832.643184755695984 245988.837780751026003,1685036.768403433728963 245981.529736407945165,1685184.903661063406616 245985.917705472267698,1685298.145900717005134 245998.714434551162412,1685422.139587124111131 246022.097040770255262,1685545.780630596214905 246064.07813756421092,1685702.157616679556668 246127.044410607457394,1685863.949732498731464 246197.750322479201714)",884147800443,884147800503,884147800504,0,16.666666670000001,9
"LINESTRING (1683625.910996572813019 244855.273063317552442,1683367.724496247945353 244911.446761483908631,1683205.270549336681142 244921.011482790956507)",884147801471,884147801394,884147801396,0,5.833333333000000,3
"LINESTRING (1689805.413305872585624 247773.786610439594369,1690083.828209893079475 247783.908309374179225)",884147800701,884147800705,884147800706,1,11.111111110000000,2
"LINESTRING (1685863.949732498731464 246197.750322479201714,1686015.394795245258138 246282.328286180854775,1686067.48828545678407 246314.734742394561181)",884147800444,884147800504,884147800505,0,16.666666670000001,3
"LINESTRING (1683206.68728874088265 244847.598855976684717,1683205.270549336681142 244921.011482790956507)",884147801472,884147801397,884147801396,1,5.833333333000000,2
"LINESTRING (1686421.101645041955635 247432.216980656055966,1686508.017289937706664 247452.306124279217329,1686579.573466193396598 247462.864555429172469)",884147800702,884147800707,884147800708,1,11.111111110000000,3
"LINESTRING (1686067.48828545678407 246314.734742394561181,1686129.60700137889944 246353.824896245030686,1686214.484151415294036 246410.15166846147622,1686327.020184281514958 246500.269024026376428,1686402.227127470308915 246571.434454114409164,1686467.651216089027002 246650.59017951216083,1686530.609674446750432 246740.550597414374352)",884147800445,884147800505,884147800502,0,16.666666670000001,7
"LINESTRING (1683206.68728874088265 244847.598855976684717,1683285.328389762202278 244846.284366600535577,1683514.528851670213044 244835.605499268363928,1683625.910996572813019 244855.273063317552442)",884147801473,884147801397,884147801394,0,5.833333333000000,4
"LINESTRING (1686151.413878981955349 247071.695246841118205,1686258.848780193598941 247293.017932105663931)",884147800703,884147800482,884147800709,1,11.111111110000000,2
"LINESTRING (1683205.270549336681142 244921.011482790956507,1683069.616933459183201 244912.516011080355383,1683000.643326297402382 244898.99188762778067,1682926.26824251236394 244878.708753692742903)",884147801474,884147801396,884147801398,0,5.833333333000000,4
"LINESTRING (1686258.848780193598941 247293.017932105663931,1686281.253377414541319 247328.852098477858817,1686314.165293846046552 247360.598267377616139,1686366.433509589871392 247403.766290071391268,1686421.101645041955635 247432.216980656055966)",884147800704,884147800709,884147800707,1,11.111111110000000,5
"LINESTRING (1689805.413305872585624 247773.786610439594369,1689836.751937219873071 248638.280276038887678)",884147802760,884147800705,884147802479,1,11.111111110000000,2
"LINESTRING (1686579.573466193396598 247462.864555429172469,1686601.427048332290724 247465.438630477845436)",884147800705,884147800708,884147800710,1,11.111111110000000,2
"LINESTRING (1689763.112214403459802 246118.833050615445245,1689764.910285813966766 246834.097496713075088,1689767.537460763705894 246994.530820881162072,1689776.219706355361268 247201.833696052926825,1689799.79092905158177 247591.87499271161505,1689805.413305872585624 247773.786610439594369)",884147802761,884147802480,884147800705,1,11.111111110000000,6
"LINESTRING (1682916.068880623206496 246757.63701591923018,1683568.922789577860385 246746.723387341044145)",884147803532,884147802918,884147800575,1,5.833333333000000,2
"LINESTRING (1686601.427048332290724 247465.438630477845436,1686755.030353356152773 247481.490439182525733)",884147800706,884147800710,884147800711,1,11.111111110000000,2
"LINESTRING (1682942.222636079415679 244805.052854090434266,1683122.579441061941907 244838.241371028270805,1683206.68728874088265 244847.598855976684717)",884147801477,884147801400,884147801397,0,5.833333333000000,3
"LINESTRING (1689762.744326920714229 245611.968752806773409,1689763.112214403459802 246118.833050615445245)",884147802762,884147802481,884147802480,1,11.111111110000000,2
"LINESTRING (1684200.348678196547553 246520.915255644649733,1684336.830274374457076 246540.168540495011257,1684428.026652765693143 246578.768784982094076,1684518.210577314486727 246635.978168689529411,1684600.757665862562135 246710.928417735383846,1684666.547099530231208 246811.599361178639811,1684747.621739258756861 246957.028048319742084,1684847.437413255916908 247196.083094066911144)",884147803276,884147801379,884147801377,1,11.111111110000000,8
"LINESTRING (1683568.922789577860385 246746.723387341044145,1683775.748043392319232 246743.270621263422072)",884147803533,884147800575,884147803110,1,5.833333333000000,2
"LINESTRING (1687031.95626783836633 247561.066707845486235,1687192.876636022469029 247620.055907720787218,1687284.415821252390742 247640.072254358645296,1687346.655707383761182 247646.873259188025258)",884147800707,884147800712,884147800713,1,11.111111110000000,4
"LINESTRING (1683205.270549336681142 244921.011482790956507,1683202.90170542197302 245056.086740568338428)",884147801478,884147801396,884147801401,1,5.833333333000000,2
"LINESTRING (1689758.768313579726964 245086.571790637681261,1689762.744326920714229 245611.968752806773409)",884147802763,884147802482,884147802481,1,11.111111110000000,2
"LINESTRING (1684225.085195540450513 247092.936422970466083,1684229.829896483803168 247377.606294421828352,1684242.57142317132093 247428.276931240805425)",884147803277,884147802913,884147801378,1,5.833333333000000,3
"LINESTRING (1683775.748043392319232 246743.270621263422072,1684211.865315842209384 246735.997423064021859)",884147803534,884147803110,884147802914,1,5.833333333000000,2
"LINESTRING (1687543.382398322923109 247632.864405873668147,1687597.386671161046252 247621.210239882493624,1687651.326492600375786 247605.643227161112009,1687866.844876146642491 247528.702955431683222,1687935.386278139427304 247516.810287908476312,1687967.763357460265979 247516.277068613446318,1687984.943032812327147 247515.994158378598513,1688039.431154104182497 247533.688764086604351,1688096.723252622876316 247561.122523778612958,1688196.624849654501304 247647.544667965121334)",884147800708,884147800714,884147800499,1,11.111111110000000,10
"LINESTRING (1683202.90170542197302 245056.086740568338428,1683240.464904193067923 245088.728469371795654,1683252.965112701291218 245124.724737235810608,1683250.596003769198433 245259.799991951149423,1683243.68659959291108 245281.442908483120846,1683228.732725168811157 245296.37066529225558,1683211.616464420920238 245300.570871111180168,1683120.045119336806238 245279.595966439635959,1683041.22580598318018 245270.150436672382057,1682952.673937522340566 245271.63177912789979,1682886.109717606101185 245283.509287939028582,1682871.276647744700313 245266.144164027646184,1682868.453203877899796 245255.427699870546348,1682872.211291160434484 245203.50327142488095)",884147801479,884147801401,884147801402,1,5.833333333000000,14
"LINESTRING (1688405.137508872896433 246863.259215321450029,1688369.096248776186258 247042.920245242421515,1688363.018535212846473 247115.430342801584629)",884147802764,884147802483,884147802484,1,5.833333333000000,3
"LINESTRING (1684200.348678196547553 246520.915255644649733,1684211.865315842209384 246735.997423064021859)",884147803278,884147801379,884147802914,1,5.833333333000000,2
"LINESTRING (1687543.382398322923109 247632.864405873668147,1687489.378189433598891 247644.518725646601524,1687445.107788070337847 247645.248952116933651)",884147800709,884147800714,884147800715,1,11.111111110000000,3
"LINESTRING (1688363.018535212846473 247115.430342801584629,1688197.890278394334018 247122.060989980876911)",884147802765,884147802484,884147800496,1,5.833333333000000,2
"LINESTRING (1684211.865315842209384 246735.997423064021859,1684225.085195540450513 247092.936422970466083)",884147803279,884147802914,884147802913,1,5.833333333000000,2
"LINESTRING (1687346.655707383761182 247646.873259188025258,1687378.436384713510051 247650.262936201965204,1687445.107788070337847 247645.248952116933651)",884147800710,884147800713,884147800715,1,11.111111110000000,3
"LINESTRING (1682894.703656584490091 245046.563750901463209,1683116.151404213625938 245046.773473617737181,1683202.90170542197302 245056.086740568338428)",884147801481,884147801403,884147801401,1,5.833333333000000,3
"LINESTRING (1688405.137508872896433 246863.259215321450029,1688612.799140988383442 246870.609111030324129)",884147802766,884147802483,884147802485,1,5.833333333000000,2
"LINESTRING (1683576.868582574184984 247103.75020157135441,1683202.797272854484618 247263.628244516527047,1682985.06003219075501 247365.121884535910795,1682930.943037505028769 247369.941466076765209)",884147803280,884147800572,884147802915,1,5.833333333000000,4
"LINESTRING (1686755.030353356152773 247481.490439182525733,1686851.018128374358639 247490.667483566037845,1686905.555932415882125 247511.293577186996117)",884147800711,884147800711,884147800716,1,11.111111110000000,3
"LINESTRING (1688860.184068188536912 246640.508337595529156,1688865.638704335549846 246811.658886698569404,1688858.127046752721071 246837.223620559932897,1688843.895147984847426 246856.049107777071185,1688826.827349722385406 246863.178998124029022,1688612.799140988383442 246870.609111030324129)",884147802767,884147802486,884147802485,1,5.833333333000000,6
"LINESTRING (1683576.868582574184984 247103.75020157135441,1684225.085195540450513 247092.936422970466083)",884147803281,884147800572,884147802913,1,5.833333333000000,2
"LINESTRING (1686905.555932415882125 247511.293577186996117,1687031.95626783836633 247561.066707845486235)",884147800712,884147800716,884147800712,1,11.111111110000000,2
"LINESTRING (1689001.072900545783341 247250.745716728473781,1688840.571049532387406 247257.294847450975794,1688803.809206634759903 247272.576309561030939,1688745.83686098898761 247324.411315189441666,1688720.90466051036492 247335.584558971633669,1688625.222654295386747 247344.984815732605057)",884147802768,884147802487,884147802488,1,5.833333333000000,6
"LINESTRING (1686250.828845093026757 248285.367124061624054,1686301.229372713016346 248375.534687825595029,1686401.614453803282231 248610.674042802100303,1686447.096987116616219 248683.310067723301472)",884147800713,884147800717,884147800718,1,5.833333333000000,4
"LINESTRING (1688363.018535212846473 247115.430342801584629,1688365.483597528655082 247144.745261841686442,1688387.173203384736553 247257.896331940282835,1688402.966140318196267 247293.841679350531194,1688425.254030731739476 247322.830628066993086,1688452.586643237853423 247337.058923421689542,1688625.222654295386747 247344.984815732605057)",884147802769,884147802484,884147802488,1,5.833333333000000,7
"LINESTRING (1686498.924250561743975 248700.065738494304242,1686519.231359774712473 248729.085246934177121,1686531.674595903605223 248762.148950235859957,1686528.004677321063355 248819.942175816366216)",884147800714,884147800719,884147800537,1,5.833333333000000,4
"LINESTRING (1686738.76031085010618 244858.356511508260155,1686695.932166174985468 244826.773502684227424,1686660.904676540521905 244787.2334721875377)",884147801485,884147801405,884147801382,0,5.833333333000000,3
"LINESTRING (1688612.799140988383442 246870.609111030324129,1688625.222654295386747 247344.984815732605057)",884147802770,884147802485,884147802488,1,5.833333333000000,2
"LINESTRING (1686447.096987116616219 248683.310067723301472,1686471.964437269838527 248708.339988395367982,1686498.924250561743975 248700.065738494304242)",884147800715,884147800718,884147800719,1,5.833333333000000,3
"LINESTRING (1684996.655771118821576 248021.428147175989579,1685070.967538477154449 248038.784680599550484)",884147800458,884147800517,884147800518,1,11.111111110000000,2
"LINESTRING (1688421.530591169372201 246774.923267221165588,1688405.137508872896433 246863.259215321450029)",884147802771,884147802489,884147802483,1,5.833333333000000,2
"LINESTRING (1686575.475876797456294 248094.075732663244708,1686528.919692413182929 248116.373300034319982,1686386.867965801851824 248198.96241849521175,1686281.928288399009034 248247.668508969130926,1686250.828845093026757 248285.367124061624054)",884147800716,884147800720,884147800717,1,5.833333333000000,5
"LINESTRING (1684539.647335678339005 247923.351564225158654,1684388.329859655816108 247885.752239875000669)",884147800459,884147800519,884147800455,0,11.111111110000000,2
"LINESTRING (1688421.530591169372201 246774.923267221165588,1688449.720238818554208 246720.641407297021942,1688491.399219575570896 246682.772583476093132,1688515.671372760552913 246671.609900193638168,1688582.233891651267186 246659.752155936177587,1688597.012385698966682 246674.187003294442547,1688604.634769619442523 246695.58906946296338,1688612.799140988383442 246870.609111030324129)",884147802772,884147802489,884147802485,1,5.833333333000000,8
"LINESTRING (1686575.475876797456294 248094.075732663244708,1686610.432948788395151 248129.702627331105759,1686631.03173988382332 248176.330739842291223)",884147800717,884147800720,884147800721,1,5.833333333000000,3
"LINESTRING (1685070.967538477154449 248038.784680599550484,1685427.164919217349961 248116.041541702958057,1685637.413625333923846 248160.499381517263828,1685691.837294029537588 248174.274246932152892,1685746.374473566422239 248194.897007929626852,1685796.416205092100427 248223.422613382921554,1685843.267687404761091 248258.850868178589735)",884147800460,884147800518,884147800520,1,11.111111110000000,7
"LINESTRING (1686631.03173988382332 248176.330739842291223,1686656.562990005128086 248241.469121053465642,1686677.954354434041306 248336.031501219200436,1686698.158704045927152 248518.680051344330423,1686701.16012123436667 248580.276984433148755,1686662.7763407737948 248617.116858563036658,1686498.924250561743975 248700.065738494304242)",884147800718,884147800721,884147800719,1,5.833333333000000,7
"LINESTRING (1684818.975515826838091 247988.177792519534705,1684996.655771118821576 248021.428147175989579)",884147800461,884147800521,884147800517,1,11.111111110000000,2
"LINESTRING (1683572.386509323725477 246954.111611873697257,1683409.966328357113525 246964.65280903634266,1683288.668225173605606 246944.173916369269136,1683190.343375473981723 246953.645780477905646,1683074.537671374389902 246984.937960902258055,1682920.096373802283779 246998.285469399095746)",884147803288,884147800573,884147802917,1,5.833333333000000,6
"LINESTRING (1684539.647335678339005 247923.351564225158654,1684606.079884894425049 247943.773029055184452,1684665.790896493708715 247957.456958848779323,1684759.974293197505176 247977.417129310575547)",884147800462,884147800519,884147800522,1,11.111111110000000,4
"LINESTRING (1686789.20893265074119 248509.346531740156934,1686767.705065065063536 248407.936277688626433,1686751.117254834622145 248324.058070810424397,1686724.80993355344981 248211.963592137239175,1686701.857109276112169 248142.868419294129126)",884147800719,884147800722,884147800723,0,16.666666670000001,5
"LINESTRING (1684759.974293197505176 247977.417129310575547,1684818.975515826838091 247988.177792519534705)",884147800463,884147800522,884147800521,1,11.111111110000000,2
"LINESTRING (1686701.857109276112169 248142.868419294129126,1686631.03173988382332 248176.330739842291223)",884147800720,884147800723,884147800721,1,5.833333333000000,2
"LINESTRING (1685014.428529479773715 247579.820994689769577,1685058.300282458076254 247714.127217061672127,1685064.610798142850399 247775.66896603940404,1685060.349350616103038 247837.386439110268839,1685044.145765906898305 247896.366866614000173,1684996.655771118821576 248021.428147175989579)",884147800464,884147800465,884147800517,1,11.111111110000000,6
"LINESTRING (1686458.909673966933042 247640.015418772061821,1686446.643740213476121 247617.712507360934978,1686422.979921084130183 247545.693865502835251,1686414.80483319493942 247491.032211011974141,1686421.101645041955635 247432.216980656055966)",884147800721,884147800724,884147800707,0,16.666666670000001,5
"LINESTRING (1684238.52284934441559 248493.951358434482245,1684211.547365212580189 248501.250575013196794,1684004.806522683706135 248508.61155446988414,1683598.527791394619271 248519.305918765312526)",884147800465,884147800523,884147800524,1,11.111111110000000,4
"LINESTRING (1686701.857109276112169 248142.868419294129126,1686683.771973081398755 248088.37053042295156,1686642.493471713503823 247990.222967945883283,1686593.83309438964352 247885.347973601223202,1686530.457697756588459 247769.952853696799139,1686474.64123298227787 247672.046161142498022,1686458.909673966933042 247640.015418772061821)",884147800722,884147800723,884147800724,0,16.666666670000001,7
"LINESTRING (1683060.739160556346178 248491.110585963004269,1683085.562293149065226 248513.201320263295202,1683105.629410175839439 248527.543474127509398,1683238.548946856986731 248532.170434038736857,1683598.527791394619271 248519.305918765312526)",884147800466,884147800458,884147800524,1,11.111111110000000,5
"LINESTRING (1686827.378782202955335 244860.805846032948466,1686884.098645067773759 244853.018954760860652,1687950.403932053595781 244816.8384063745616,1688088.634452163707465 244821.412288820720278,1688162.955611539073288 244838.780926770006772,1688271.930495640728623 244873.19304262867081)",884147800723,884147800725,884147800492,1,11.111111110000000,6
"LINESTRING (1684529.26104899821803 248331.566737473884132,1684306.814167679520324 248467.371870306873461,1684238.52284934441559 248493.951358434482245)",884147800467,884147800525,884147800523,1,11.111111110000000,3
"LINESTRING (1684799.472606751834974 248166.592566820647335,1684529.26104899821803 248331.566737473884132)",884147800468,884147800526,884147800525,1,11.111111110000000,2
"LINESTRING (1684996.655771118821576 248021.428147175989579,1684960.256287105381489 248058.23850913575734,1684799.472606751834974 248166.592566820647335)",884147800469,884147800517,884147800526,1,11.111111110000000,3
"LINESTRING (1685070.967538477154449 248038.784680599550484,1685076.838146354304627 248391.932154659560183)",884147800470,884147800518,884147800527,1,11.111111110000000,2
"LINESTRING (1685076.838146354304627 248391.932154659560183,1685082.546133606228977 248735.297164306713967)",884147800471,884147800527,884147800528,1,11.111111110000000,2
"LINESTRING (1686085.304668772034347 248586.556621379160788,1686146.406357081839815 248684.374617417226546)",884147800472,884147800529,884147800530,1,11.111111110000000,2
"LINESTRING (1686146.406357081839815 248684.374617417226546,1686181.979005474597216 248757.174181984126335,1686197.2277119634673 248799.976379991770955,1686213.088451495394111 248839.83290110170492)",884147800473,884147800530,884147800531,1,11.111111110000000,4
"LINESTRING (1685076.838146354304627 248391.932154659560183,1684811.535457091638818 248414.935560727695702)",884147803300,884147800527,884147802325,1,5.833333333000000,2
"LINESTRING (1686213.088451495394111 248839.83290110170492,1686267.0540803282056 248985.716801631788258,1686305.381944733904675 249065.320581756124739,1686363.886822687229142 249166.117791135620791,1686424.373181964270771 249266.882377155823633,1686467.693956185132265 249328.790522674506065)",884147800476,884147800531,884147800534,1,11.111111110000000,6
"LINESTRING (1685843.267687404761091 248258.850868178589735,1685900.998841974651441 248312.690704115491826,1685941.43724267068319 248359.967721543333028,1685973.930520238121971 248406.397986347030383,1685991.595840626396239 248435.460731355444295)",884147800478,884147800520,884147800535,1,11.111111110000000,5
"LINESTRING (1685991.595840626396239 248435.460731355444295,1686085.304668772034347 248586.556621379160788)",884147800479,884147800535,884147800529,1,11.111111110000000,2
"LINESTRING (1686146.406357081839815 248684.374617417226546,1686226.00376707711257 248741.767274206737056,1686283.424590966897085 248777.02154992762371)",884147800480,884147800530,884147800536,1,16.666666670000001,3
"LINESTRING (1686283.424590966897085 248777.02154992762371,1686357.732167910318822 248794.383133158291457,1686424.046292430488393 248807.963232224487001,1686528.004677321063355 248819.942175816366216)",884147800481,884147800536,884147800537,1,16.666666670000001,4
"LINESTRING (1686528.004677321063355 248819.942175816366216,1686612.109226125990972 248830.293040599237429)",884147800482,884147800537,884147800538,1,16.666666670000001,2
"LINESTRING (1686612.109226125990972 248830.293040599237429,1686796.86813703039661 248852.679326055396814)",884147800483,884147800538,884147800539,1,16.666666670000001,2
"LINESTRING (1686779.108454200671986 249097.602141454612138,1686766.322509459685534 249243.612546256917994)",884147800490,884147800543,884147800542,1,16.666666670000001,2
"LINESTRING (1686796.86813703039661 248852.679326055396814,1686797.046049896860495 248863.440070361481048)",884147800491,884147800539,884147800544,1,16.666666670000001,2
"LINESTRING (1686797.046049896860495 248863.440070361481048,1686779.108454200671986 249097.602141454612138)",884147800492,884147800544,884147800543,1,16.666666670000001,2
"LINESTRING (1684493.666965404525399 247821.372713034943445,1684506.472691353177652 247875.956519646162633,1684516.758536052657291 247898.291179045161698,1684539.647335678339005 247923.351564225158654)",884147800493,884147800454,884147800519,1,11.111111110000000,4
"LINESTRING (1684230.828250216087326 247873.698663229704835,1684388.329859655816108 247885.752239875000669)",884147800494,884147800545,884147800455,0,11.111111110000000,2
"LINESTRING (1682940.41393149853684 248212.288541341316886,1683005.947023491142318 248178.900874095910694,1683064.791168587747961 248140.732725308771478,1683128.031633428065106 248088.791962903691456,1683208.206279962789267 248021.890481330890907,1683263.698549764463678 247980.843448225874454,1683322.625585882458836 247947.567330181365833,1683396.187259649625048 247919.917970018752385,1683504.075129309203476 247889.738446043164004,1683595.061713335569948 247876.476598336710595)",884147800495,884147800424,884147800546,0,11.111111110000000,10
"LINESTRING (1683595.061713335569948 247876.476598336710595,1683676.218916333513334 247868.271882740664296,1683814.379828069359064 247869.879888026742265,1683984.24011214915663 247869.981652987829875)",884147800496,884147800546,884147800547,0,11.111111110000000,4
"LINESTRING (1683984.24011214915663 247869.981652987829875,1684043.111626694444567 247872.913925907603698,1684230.828250216087326 247873.698663229704835)",884147800497,884147800547,884147800545,0,11.111111110000000,3
"LINESTRING (1684238.52284934441559 248493.951358434482245,1684247.665868617128581 248606.328654071694473,1684251.807326278183609 248854.803429834835697)",884147800498,884147800523,884147800430,1,11.111111110000000,3
"LINESTRING (1684230.828250216087326 247873.698663229704835,1684229.52230972587131 247953.958968192659086)",884147800499,884147800545,884147800456,0,11.111111110000000,2
"LINESTRING (1684229.52230972587131 247953.958968192659086,1684238.52284934441559 248493.951358434482245)",884147800500,884147800456,884147800523,1,11.111111110000000,2
"LINESTRING (1685290.161997627234086 246075.171411907998845,1685188.765974257607013 246059.242372344684554,1684966.36059155408293 246040.432712271198398,1684766.796571649610996 246043.751572424778715,1684564.589355106465518 246047.116533452935982)",884147800764,884147800763,884147800764,0,26.388888890000000,5
"LINESTRING (1685299.120818388881162 246057.409305187087739,1685447.872548900311813 246098.972748231259175,1685572.2874855985865 246147.79078547883546,1685683.55063678487204 246200.741850810474716,1685800.873928992077708 246260.442694073746679,1685875.066175844985992 246310.095521896641003,1685937.975838043261319 246357.000080202094978,1686065.391381866298616 246467.418154936749488,1686158.152718194527552 246560.797698373411549,1686258.554399096872658 246676.557066168752499,1686311.359078005189076 246752.007142001937609,1686369.692503603640944 246842.043601060460787,1686428.268256188370287 246946.753975378902396)",884147800765,884147800765,884147800766,0,26.388888890000000,13
"LINESTRING (1684554.800577339483425 246014.988381049217423,1684719.455968369496986 246019.097709004796343,1684983.118715311400592 246014.712644324550638,1685131.383791782194749 246026.926176042004954,1685299.120818388881162 246057.409305187087739)",884147800766,884147800503,884147800765,0,26.388888890000000,5
"LINESTRING (1686789.20893265074119 248509.346531740156934,1686784.334013043437153 248374.391800330718979,1686772.320406042272225 248247.383220084069762,1686756.150602861074731 248148.820346339256503,1686721.056855292525142 247985.009745070594363,1686662.960617555072531 247749.169341884698952,1686579.573466193396598 247462.864555429172469)",884147800768,884147800722,884147800768,0,16.666666670000001,7
"LINESTRING (1686601.427048332290724 247465.438630477845436,1686690.22927482938394 247759.482099093613215,1686779.206812292570248 248064.286738524067914,1686800.484522887738422 248152.001509877940407,1686808.836177204502746 248217.424079520947998)",884147800769,884147800769,884147800770,0,16.666666670000001,5
"LINESTRING (1686808.836177204502746 248217.424079520947998,1686817.317160328151658 248290.67264889870421,1686823.864421911770478 248366.888734880019911,1686827.108018620172516 248443.159429398161592)",884147800770,884147800770,884147800771,0,16.666666670000001,4
"LINESTRING (1686428.268256188370287 246946.753975378902396,1686474.353450339986011 247055.585261416475987,1686515.087235868675634 247160.591121122328332,1686546.521316503407434 247262.815354364807718)",884147800771,884147800766,884147800772,0,26.388888890000000,4
"LINESTRING (1686401.354537218576297 246957.963073746330338,1686357.623524690978229 246871.598878342629177,1686266.778808172559366 246734.153394453634974,1686176.305494164349511 246619.208069168962538,1686088.10522875469178 246521.838811903551687,1686012.945535594364628 246453.60937535049743)",884147800772,884147800773,884147800774,0,16.666666670000001,6
"LINESTRING (1686012.945535594364628 246453.60937535049743,1685915.800647041061893 246374.980941859888844,1685810.725367050850764 246296.484486229688628,1685703.910233875270933 246232.695219108572928,1685587.247262236196548 246172.984012102533597,1685492.812341848621145 246138.346023275546031,1685408.998694530921057 246106.467715085454984,1685290.161997627234086 246075.171411907998845)",884147800773,884147800774,884147800763,0,26.388888890000000,8
"LINESTRING (1683534.937024656217545 248866.763841787731508,1683538.880001005250961 249537.962364492559573)",884147800517,884147800437,884147800567,1,11.111111110000000,2
"LINESTRING (1683598.527791394619271 248519.305918765312526,1683541.355073794489726 248815.773629544419236,1683534.937024656217545 248866.763841787731508)",884147800518,884147800524,884147800437,1,11.111111110000000,3
"LINESTRING (1683598.578186433762312 248245.319657902582549,1683602.041855895193294 248452.707919235283043,1683598.527791394619271 248519.305918765312526)",884147800519,884147800457,884147800524,1,11.111111110000000,3
"LINESTRING (1684564.589355106465518 246047.116533452935982,1684365.090592474211007 246054.35261049104156,1683798.843935669865459 246067.707122774241725,1682848.123010897310451 246094.359259260585532,1682655.893964139046147 246101.491662145737791,1682379.857502148719504 246116.88023145639454,1682043.207953515462577 246144.053512456390308,1681863.469154080143198 246147.070301597414073,1681754.32142209704034 246142.053457183821592,1681709.981785415438935 246138.884101542673307,1681584.132991313701496 246123.385044741997262,1681525.12401609052904 246112.634459741035243)",884147800776,884147800764,884147800759,0,26.388888890000000,12
"LINESTRING (1683595.061713335569948 247876.476598336710595,1683598.578186433762312 248245.319657902582549)",884147800520,884147800546,884147800457,1,11.111111110000000,2
"LINESTRING (1686789.170079428935423 248666.888383148907451,1686790.955724539933726 248614.997472133574774,1686789.20893265074119 248509.346531740156934)",884147800777,884147800777,884147800722,0,16.666666670000001,3
"LINESTRING (1686796.86813703039661 248852.679326055396814,1686783.826962380902842 248783.420217529434012,1686787.190357756102458 248707.040301128727151,1686789.170079428935423 248666.888383148907451)",884147800778,884147800539,884147800777,0,16.666666670000001,4
"LINESTRING (1684529.26104899821803 248331.566737473884132,1684545.211546511156484 248852.851589628582587)",884147802577,884147800525,884147800431,1,11.111111110000000,2
"LINESTRING (1686827.108018620172516 248443.159429398161592,1686829.82491312827915 248607.505341918003978,1686826.170215534511954 248666.276759311062051)",884147800779,884147800771,884147800778,0,16.666666670000001,3
"LINESTRING (1684545.211546511156484 248852.851589628582587,1684545.728961296146736 249042.675595955341123,1684553.242438532644883 249335.12758706259774)",884147802578,884147800431,884147802323,1,11.111111110000000,3
"LINESTRING (1686826.170215534511954 248666.276759311062051,1686824.190415633842349 248706.428673510963563,1686818.119329834589735 248778.939271290320903,1686796.86813703039661 248852.679326055396814)",884147800780,884147800778,884147800539,0,16.666666670000001,4
"LINESTRING (1688196.624849654501304 247647.544667965121334,1688163.650558131048456 247732.239672217081534,1687765.707674733363092 248410.055169947620016)",884147801552,884147800499,884147801464,1,16.666666670000001,3
"LINESTRING (1684799.472606751834974 248166.592566820647335,1684808.068721850169823 248206.568817889114143,1684811.535457091638818 248414.935560727695702)",884147802580,884147800526,884147802325,1,11.111111110000000,3
"LINESTRING (1687765.707674733363092 248410.055169947620016,1687508.032805206254125 248775.375790419871919,1687462.445637493859977 248856.366073520388454,1687431.813016874482855 248922.432007510593394)",884147801553,884147801464,884147800788,1,16.666666670000001,4
"LINESTRING (1684811.535457091638818 248414.935560727695702,1684818.875821497756988 248856.125253698119195)",884147802581,884147802325,884147800432,1,11.111111110000000,2
"LINESTRING (1683596.958528671646491 247713.032203257083893,1683595.061713335569948 247876.476598336710595)",884147800526,884147800570,884147800546,1,5.833333333000000,2
"LINESTRING (1685094.457020511385053 248855.456932155269897,1685096.327100111404434 248967.955445236497326,1685092.320104945916682 249005.205738130840473,1685080.238322310848162 249033.783583374752197,1684924.350568106630817 249277.090873787936289,1684890.726664241636172 249321.683404119539773)",884147802582,884147800433,884147802326,1,11.111111110000000,6
"LINESTRING (1683596.223332683090121 247669.011113152024336,1683596.958528671646491 247713.032203257083893)",884147800527,884147800571,884147800570,1,5.833333333000000,2
"LINESTRING (1685696.852431547129527 248476.553011039970443,1685712.540637064026669 248545.767524702299852,1685715.784006074536592 248581.918878204858629,1685720.019862243207172 248837.241733425209532)",884147802583,884147802327,884147800434,1,11.111111110000000,4
"LINESTRING (1683576.868582574184984 247103.75020157135441,1683596.223332683090121 247669.011113152024336)",884147800528,884147800572,884147800571,1,5.833333333000000,2
"LINESTRING (1685720.019862243207172 248837.241733425209532,1685808.684907969553024 248843.599321439629421,1685846.04160283645615 248864.507253843126819,1685876.503505744040012 248908.035475044744089,1685922.879441034048796 249034.473919551412109,1685930.633744563674554 249063.700902946060523,1685926.803551413118839 249111.711757414857857,1685904.87497230200097 249144.366364160348894,1685773.713180064689368 249245.371550399111584,1685761.40335867437534 249260.253482812520815,1685747.533406347502023 249300.602762397873448,1685743.26557191926986 249322.200943022733554,1685743.995856745634228 249366.222128870547749,1685756.55366499745287 249406.133064585272223,1685781.664525503991172 249445.835810588265304,1685811.817412067437544 249470.77720735812909,1685831.816539910854772 249481.209257060632808,1685967.679310679901391 249504.398263020382728,1686005.164272256894037 249533.132502399326768,1686033.095542212249711 249583.552520972909406,1686046.199802612420171 249616.604959388816496,1686059.291840575868264 249688.798310751153622,1686063.26398651022464 249768.970929530594731,1686055.412857540883124 249893.372759830672294,1686007.804463991662487 250130.963005666417303,1685970.110637853853405 250249.009891978290398)",884147802584,884147800434,884147802328,1,11.111111110000000,26
"LINESTRING (1683572.386509323725477 246954.111611873697257,1683576.868582574184984 247103.75020157135441)",884147800529,884147800573,884147800572,1,5.833333333000000,2
"LINESTRING (1683572.597064292058349 246531.387814313406125,1683568.922789577860385 246746.723387341044145)",884147800530,884147800574,884147800575,1,5.833333333000000,2
"LINESTRING (1686546.521316503407434 247262.815354364807718,1686583.098287217784673 247396.267104967584601,1686601.427048332290724 247465.438630477845436)",884147800787,884147800772,884147800769,0,16.666666670000001,3
"LINESTRING (1683568.922789577860385 246746.723387341044145,1683572.386509323725477 246954.111611873697257)",884147800531,884147800575,884147800573,1,5.833333333000000,2
"LINESTRING (1686579.573466193396598 247462.864555429172469,1686558.650134067516774 247396.671520632284228,1686488.125209643272683 247168.865349112980766,1686444.618676521116868 247056.077293574606301,1686401.354537218576297 246957.963073746330338)",884147800788,884147800768,884147800773,0,16.666666670000001,5
"LINESTRING (1683775.748043392319232 246743.270621263422072,1683779.878938573645428 246990.766994257486658)",884147803874,884147803110,884147803373,1,5.833333333000000,2
"LINESTRING (1687431.813016874482855 248922.432007510593394,1687616.924836996942759 248966.347789645951707,1687938.75334385712631 249045.196629532758379,1688176.299731598468497 249102.931997108535143,1688462.752487170044333 249160.844584168808069,1688883.017805757699534 249238.090961694688303,1689871.160260785603896 249407.807891675154679,1690252.241350332042202 249473.983739827614045)",884147800793,884147800788,884147800789,1,16.666666670000001,8
"LINESTRING (1686796.86813703039661 248852.679326055396814,1686959.823171433992684 248875.427646194351837)",884147800795,884147800539,884147800790,1,16.666666670000001,2
"LINESTRING (1686959.823171433992684 248875.427646194351837,1687184.884409315418452 248897.151848214125494)",884147800796,884147800790,884147800791,1,16.666666670000001,2
"LINESTRING (1687184.884409315418452 248897.151848214125494,1687209.39524217764847 248900.661241556284949,1687280.864813244435936 248906.331078191724373)",884147800797,884147800791,884147800792,1,16.666666670000001,3
"LINESTRING (1687280.864813244435936 248906.331078191724373,1687431.813016874482855 248922.432007510593394)",884147800798,884147800792,884147800788,1,16.666666670000001,2
"LINESTRING (1685517.907341526588425 248844.509490310796537,1685514.614046743372455 248924.802620675414801,1685495.767275270074606 248983.826536925422261,1685243.965618617366999 249381.37235226642224,1685234.672924320679158 249418.710428225516807,1685238.209694330347702 249472.470168614148861,1685260.74383145221509 249516.129122515645577,1685270.784163258271292 249523.790474303532392,1685384.785203163744882 249583.543660309165716)",884147802597,884147800435,884147802342,1,11.111111110000000,9
"LINESTRING (1686829.38429782516323 245302.0835816244944,1686811.125649209599942 245357.18225933201029,1686758.813504655379802 245471.554825994273415,1686742.345933644101024 245555.000947808293859,1686739.240527226356789 245647.032834812445799,1686755.525331725133583 245752.443411634245422,1686779.367786304559559 245835.223195889237104,1686878.328614597674459 246143.77739046519855)",884147802854,884147802559,884147800795,1,11.111111110000000,8
"LINESTRING (1686755.030353356152773 247481.490439182525733,1686749.398149507353082 247620.532927623629803,1686759.850468534510583 247773.008738239266677,1686784.25912169739604 247930.14642224877025,1686814.470824051415548 248118.500748192862375,1686825.837327692192048 248206.379375851625809,1686834.609335575485602 248297.236443087051157,1686827.108018620172516 248443.159429398161592)",884147800799,884147800711,884147800771,0,16.666666670000001,8
"LINESTRING (1686827.378782202955335 244860.805846032948466,1686838.035646549193189 245225.616330406162888,1686829.38429782516323 245302.0835816244944)",884147802855,884147800725,884147802559,1,11.111111110000000,3
"LINESTRING (1686829.38429782516323 245302.0835816244944,1685794.827325111720711 245337.801168292353395)",884147802856,884147802559,884147802560,1,11.111111110000000,2
"LINESTRING (1685805.125331087037921 246078.367980533017544,1685924.853014740394428 246163.471175788668916,1685971.948439889587462 246173.454324329126393,1686464.004281381843612 246150.628433160978602,1686878.328614597674459 246143.77739046519855)",884147800801,884147800794,884147800795,1,11.111111110000000,5
"LINESTRING (1687243.614104764768854 245288.392757840570994,1686829.38429782516323 245302.0835816244944)",884147802857,884147802561,884147802559,1,11.111111110000000,2
"LINESTRING (1686878.328614597674459 246143.77739046519855,1687080.067882622592151 246152.187013212766033,1687624.441629538312554 246135.376972605648916,1687678.982398102991283 246156.005285254330374,1687704.463825032347813 246178.091172958404059)",884147800802,884147800795,884147800476,1,11.111111110000000,5
"LINESTRING (1690152.091939735226333 243955.824274442566093,1690117.721219447441399 243996.505328824016033,1690063.945169227896258 244022.82610329714953,1689741.388565388508141 244025.16865298623452)",884147802858,884147802562,884147802563,1,5.833333333000000,4
"LINESTRING (1686151.413878981955349 247071.695246841118205,1686026.678886682027951 246803.690966516529443)",884147800803,884147800482,884147800796,0,16.666666670000001,2
"LINESTRING (1689741.388565388508141 244025.16865298623452,1689620.495937094790861 244030.083811521646567,1689581.504134907387197 244030.72246669899323)",884147802859,884147802563,884147800644,1,5.833333333000000,3
"LINESTRING (1686042.340013797162101 246592.071756324439775,1685982.313766243401915 246519.677634442661656,1685919.968232 246466.89248395463801,1685822.162221032893285 246388.27548343106173,1685693.346550160320476 246313.108864847483346)",884147800804,884147800797,884147800798,0,11.111111110000000,5
"LINESTRING (1688171.172206052578986 245940.453983741288539,1688892.842902631498873 245932.505842986312928,1688954.346585476538166 245934.431713252764894,1689016.107167546171695 245952.009802399639739,1689075.997579481219873 245976.46838032110827,1689162.930101549485698 246037.66708510069293,1689213.148647855035961 246076.96246762436931,1689243.109592960448936 246090.170296033553313,1689299.582945137051865 246107.836006949975854,1689381.102630908833817 246121.17723788251169)",884147802860,884147800501,884147802564,1,11.111111110000000,10
"LINESTRING (1687105.197608024813235 246633.202060267125489,1687030.709937795531005 246725.434243442025036,1686989.437966975849122 246787.762511664768681,1686953.646480934228748 246861.742527531343512,1686920.724712231894955 246949.374430775555084,1686847.872366055613384 247140.410524138133042,1686812.324712241999805 247229.064548579684924,1686773.827046422753483 247299.175595271808561,1686732.91063700732775 247342.906763249833602,1686679.278167120879516 247377.063124069391051,1686627.369268824579194 247395.534864936344093,1686583.098287217784673 247396.267104967584601,1686558.650134067516774 247396.671520632284228,1686516.908889108803123 247390.512449242465664,1686479.728188992245123 247380.363939717411995,1686442.417921113083139 247362.389511059882352,1686402.237830333644524 247330.763414214918157,1686369.727664951235056 247283.354172166640637,1686339.086266979575157 247229.06442911666818,1686249.139916152693331 247026.043533207441214,1686142.072570942575112 246787.101489061227767,1686090.649948073783889 246675.423845046781935,1686042.340013797162101 246592.071756324439775)",884147800805,884147800487,884147800797,0,11.111111110000000,23
"LINESTRING (1689381.102630908833817 246121.17723788251169,1689763.112214403459802 246118.833050615445245)",884147802861,884147802564,884147802480,1,11.111111110000000,2
"LINESTRING (1685693.346550160320476 246313.108864847483346,1685630.322506659897044 246259.3573820690508,1685530.710428823018447 246191.535507864202373,1685451.360298206564039 246149.797766637435416,1685290.161997627234086 246075.171411907998845)",884147800806,884147800798,884147800763,0,16.666666670000001,5
"LINESTRING (1683224.403486168244854 248871.953264647134347,1683238.267730079358444 249542.986015247850446)",884147802605,884147800436,884147800592,1,11.111111110000000,2
"LINESTRING (1689762.744326920714229 245611.968752806773409,1690055.488945398712531 245607.178209345351206)",884147802862,884147802481,884147802565,1,11.111111110000000,2
"LINESTRING (1686026.678886682027951 246803.690966516529443,1685953.07674809335731 246669.875313915224979,1685869.448199783684686 246529.376527876855107,1685793.687467281939462 246424.952770529518602,1685693.346550160320476 246313.108864847483346)",884147800807,884147800796,884147800798,0,16.666666670000001,5
"LINESTRING (1689389.068133251508698 245679.736656153865624,1689389.394871097523719 246022.211349411052652,1689381.102630908833817 246121.17723788251169)",884147802863,884147802566,884147802564,1,11.111111110000000,3
"LINESTRING (1681590.777144372928888 246086.089612963987747,1681714.594460800755769 246098.687278110766783,1681758.934190080035478 246101.856644431798486,1681877.399131065001711 246110.631178697425639,1681988.414481359068304 246108.767747897451045,1682118.527560079237446 246102.670501715649152,1682652.759193711448461 246072.188566106517101,1683105.958330393070355 246057.754465800418984,1683440.922388122417033 246048.241601150046336,1684554.800577339483425 246014.988381049217423)",884147803900,884147803393,884147800503,0,26.388888890000000,10
"LINESTRING (1686767.837675671558827 244857.875860488158651,1686827.378782202955335 244860.805846032948466)",884147803396,884147801385,884147800725,1,5.833333333000000,2
"LINESTRING (1686767.837675671558827 244857.875860488158651,1686738.76031085010618 244858.356511508260155)",884147803397,884147801385,884147801405,0,5.833333333000000,2
"LINESTRING (1687765.707674733363092 248410.055169947620016,1687731.220938657876104 248402.795399358088616,1687636.559093474410474 248353.472955004486721,1687582.13743524486199 248339.692504263017327,1687500.690374153200537 248330.271997039322741,1687291.239485351368785 248333.72772879950935,1687241.37800382450223 248315.958922617282951)",884147802906,884147801464,884147802607,0,5.833333333000000,7
"LINESTRING (1687241.37800382450223 248315.958922617282951,1687263.729741216404364 248308.740357434522593,1687313.21984223369509 248304.009474761027377)",884147802907,884147802607,884147802608,0,5.833333333000000,3
"LINESTRING (1687313.21984223369509 248304.009474761027377,1687440.627627973211929 248295.057633894262835,1687584.183430942473933 248303.453669576789252,1687667.919189738575369 248331.428613818337908,1687737.956797545775771 248370.393354738189373,1687765.707674733363092 248410.055169947620016)",884147802908,884147802608,884147801464,0,5.833333333000000,6
"LINESTRING (1684847.437413255916908 247196.083094066911144,1684860.659163703676313 247235.982433732831851)",884147802910,884147801377,884147800704,1,11.111111110000000,2
"LINESTRING (1688206.321204310283065 245264.700020001851954,1688234.316867408808321 245319.03626164549496,1688249.757472109748051 245333.459962814376922,1688264.424553662771359 245341.04679447892704,1688279.623699019895867 245340.796762947662501,1688296.740967347985134 245336.601131253642961,1688335.553080700803548 245325.199081050726818)",884147800614,884147800490,884147800466,0,16.666666670000001,7
"LINESTRING (1686283.424590966897085 248777.02154992762371,1686249.423966947477311 248799.111944933451014,1686229.910462284460664 248818.026924797304673,1686213.088451495394111 248839.83290110170492)",884147800615,884147800536,884147800531,0,11.111111110000000,4
"LINESTRING (1684251.807326278183609 248854.803429834835697,1684545.211546511156484 248852.851589628582587)",884147800367,884147800430,884147800431,1,11.111111110000000,2
"LINESTRING (1689527.176468599354848 243579.538943067018408,1689552.414887469029054 243627.072672725014854,1689567.659693378256634 243669.877563818619819,1689574.212916939286515 243747.07282665441744,1689581.504134907387197 244030.72246669899323)",884147800625,884147800460,884147800644,1,11.111111110000000,5
"LINESTRING (1684545.211546511156484 248852.851589628582587,1684818.875821497756988 248856.125253698119195)",884147800368,884147800431,884147800432,1,11.111111110000000,2
"LINESTRING (1689581.504134907387197 244030.72246669899323,1689596.674641461810097 244512.881414333940484,1689618.167082617757842 244614.294849364552647,1689633.250777762616053 244647.317281755851582,1689706.593822480179369 244766.473436932195909,1689722.322082153288648 244798.506868276454043)",884147800626,884147800644,884147800645,1,11.111111110000000,6
"LINESTRING (1684818.875821497756988 248856.125253698119195,1685094.457020511385053 248855.456932155269897)",884147800369,884147800432,884147800433,1,11.111111110000000,2
"LINESTRING (1689722.322082153288648 244798.506868276454043,1689742.928465690230951 244886.235744435078232,1689758.768313579726964 245086.571790637681261)",884147803196,884147800645,884147802482,1,11.111111110000000,3
"LINESTRING (1685720.019862243207172 248837.241733425209532,1685517.907341526588425 248844.509490310796537)",884147800370,884147800434,884147800435,1,11.111111110000000,2
"LINESTRING (1682926.423511093482375 248876.937684870004887,1683224.403486168244854 248871.953264647134347)",884147800371,884147800420,884147800436,1,11.111111110000000,2
"LINESTRING (1690876.92610402032733 244582.956057797535323,1690771.364326001144946 244595.441959620191483,1690697.699521645670757 244618.171452609472908,1690531.343656837241724 244712.867676385387313,1690446.135837493697181 244757.313963558204705,1690372.488021824276075 244781.022971669473918,1690271.489627596922219 244789.523062252876116,1689722.322082153288648 244798.506868276454043)",884147803199,884147802851,884147800645,1,11.111111110000000,8
"LINESTRING (1683534.937024656217545 248866.763841787731508,1684251.807326278183609 248854.803429834835697)",884147800373,884147800437,884147800430,1,11.111111110000000,2
"LINESTRING (1683224.403486168244854 248871.953264647134347,1683534.937024656217545 248866.763841787731508)",884147800374,884147800436,884147800437,1,11.111111110000000,2
"LINESTRING (1685517.907341526588425 248844.509490310796537,1685094.457020511385053 248855.456932155269897)",884147800375,884147800435,884147800433,1,11.111111110000000,2
"LINESTRING (1689956.974493905203417 243787.775561934831785,1690004.025468219304457 243794.833964308840223,1690178.547424185555428 243794.915517997753341)",884147803213,884147802863,884147802860,1,5.833333333000000,3
"LINESTRING (1688189.262970446608961 245553.642719673342071,1688034.869461462832987 245771.457283368945355)",884147800388,884147800450,884147800451,1,22.222222219999999,2
"LINESTRING (1686751.025058276252821 246799.530533070879756,1686601.451060292311013 246867.564470074139535)",884147800389,884147800452,884147800453,1,11.111111110000000,2
"LINESTRING (1684493.666965404525399 247821.372713034943445,1684388.329859655816108 247885.752239875000669)",884147800390,884147800454,884147800455,1,11.111111110000000,2
"LINESTRING (1684229.52230972587131 247953.958968192659086,1683598.578186433762312 248245.319657902582549)",884147800391,884147800456,884147800457,0,11.111111110000000,2
"LINESTRING (1683060.739160556346178 248491.110585963004269,1682940.678246160969138 248544.002358985570027)",884147800392,884147800458,884147800284,0,11.111111110000000,2
"LINESTRING (1683598.578186433762312 248245.319657902582549,1683060.739160556346178 248491.110585963004269)",884147800393,884147800457,884147800458,0,11.111111110000000,2
"LINESTRING (1684388.329859655816108 247885.752239875000669,1684229.52230972587131 247953.958968192659086)",884147800394,884147800455,884147800456,0,11.111111110000000,2
"LINESTRING (1685623.372072838945314 247314.314592356909998,1685014.428529479773715 247579.820994689769577)",884147800399,884147800464,884147800465,1,11.111111110000000,2
"LINESTRING (1688335.553080700803548 245325.199081050726818,1688189.262970446608961 245553.642719673342071)",884147800400,884147800466,884147800450,1,22.222222219999999,2
"LINESTRING (1689527.176468599354848 243579.538943067018408,1689387.710862710839137 243782.419690324808471,1689170.804268434643745 244100.079200726526324,1688936.65834028669633 244414.110225032520248,1688865.03724965127185 244520.965574066329282,1688792.868594974279404 244634.679802821774501)",884147800401,884147800460,884147800467,1,22.222222219999999,6
"LINESTRING (1688792.868594974279404 244634.679802821774501,1688691.63749754615128 244789.969353050022619)",884147800402,884147800467,884147800468,1,22.222222219999999,2
"LINESTRING (1688691.63749754615128 244789.969353050022619,1688638.765875287121162 244871.076212172542)",884147800403,884147800468,884147800469,1,22.222222219999999,2
"LINESTRING (1688638.765875287121162 244871.076212172542,1688598.209618621971458 244937.303121754928725)",884147800404,884147800469,884147800470,1,22.222222219999999,2
"LINESTRING (1688598.209618621971458 244937.303121754928725,1688535.603059076005593 245029.333923151280032)",884147800405,884147800470,884147800471,1,22.222222219999999,2
"LINESTRING (1688535.603059076005593 245029.333923151280032,1688489.825120729859918 245099.560962385148741)",884147800406,884147800471,884147800472,1,22.222222219999999,2
"LINESTRING (1688489.825120729859918 245099.560962385148741,1688424.57629028824158 245191.635584248346277)",884147800407,884147800472,884147800473,1,22.222222219999999,2
"LINESTRING (1688424.57629028824158 245191.635584248346277,1688376.816662705503404 245261.895493478339631)",884147800408,884147800473,884147800474,1,22.222222219999999,2
"LINESTRING (1688376.816662705503404 245261.895493478339631,1688335.553080700803548 245325.199081050726818)",884147800409,884147800474,884147800466,1,22.222222219999999,2
"LINESTRING (1688034.869461462832987 245771.457283368945355,1687979.956594167277217 245848.685617604380241,1687882.945521225454286 245978.468814933672547)",884147800410,884147800451,884147800475,1,22.222222219999999,3
"LINESTRING (1687882.945521225454286 245978.468814933672547,1687798.58771013864316 246073.796002176997717,1687704.463825032347813 246178.091172958404059)",884147800411,884147800475,884147800476,1,22.222222219999999,3
"LINESTRING (1684637.940083688823506 247753.410135862039169,1684493.666965404525399 247821.372713034943445)",884147800412,884147800477,884147800454,1,11.111111110000000,2
"LINESTRING (1684693.680394022259861 247727.040996806201292,1684637.940083688823506 247753.410135862039169)",884147800413,884147800478,884147800477,1,11.111111110000000,2
"LINESTRING (1689758.768313579726964 245086.571790637681261,1690064.077016364084557 245081.575812037219293)",884147803497,884147802482,884147803081,1,11.111111110000000,2
"LINESTRING (1684791.399631183128804 247681.381773323082598,1684693.680394022259861 247727.040996806201292)",884147800414,884147800479,884147800478,1,11.111111110000000,2
"LINESTRING (1685014.428529479773715 247579.820994689769577,1684855.020565570564941 247651.946461440704297)",884147800415,884147800465,884147800480,1,11.111111110000000,2
"LINESTRING (1684855.020565570564941 247651.946461440704297,1684791.399631183128804 247681.381773323082598)",884147800416,884147800480,884147800479,1,11.111111110000000,2
"LINESTRING (1686601.451060292311013 246867.564470074139535,1686428.268256188370287 246946.753975378902396,1686401.354537218576297 246957.963073746330338,1686335.102030239766464 246988.415201395808253)",884147800417,884147800453,884147800481,1,11.111111110000000,4
"LINESTRING (1686335.102030239766464 246988.415201395808253,1686249.139916152693331 247026.043533207441214,1686151.413878981955349 247071.695246841118205)",884147800418,884147800481,884147800482,1,11.111111110000000,3
"LINESTRING (1683596.223332683090121 247669.011113152024336,1682944.90009533893317 247927.464196769811679)",884147801446,884147800571,884147801376,1,5.833333333000000,2
"LINESTRING (1686151.413878981955349 247071.695246841118205,1685992.658201559213921 247143.800208251923323)",884147800419,884147800482,884147800483,1,11.111111110000000,2
"LINESTRING (1685992.658201559213921 247143.800208251923323,1685868.020305171143264 247200.663098288263427)",884147800420,884147800483,884147800484,1,11.111111110000000,2
"LINESTRING (1684847.437413255916908 247196.083094066911144,1684242.57142317132093 247428.276931240805425)",884147801448,884147801377,884147801378,1,5.833333333000000,2
"LINESTRING (1687704.463825032347813 246178.091172958404059,1687582.74871132732369 246292.626877205155324,1687512.350484904134646 246352.498656527110143)",884147800421,884147800476,884147800485,1,22.222222219999999,3
"LINESTRING (1684242.57142317132093 247428.276931240805425,1683596.223332683090121 247669.011113152024336)",884147801449,884147801378,884147800571,1,5.833333333000000,2
"LINESTRING (1689732.277255205670372 243751.333925797400298,1689741.388565388508141 244025.16865298623452)",884147803248,884147802889,884147802563,1,5.833333333000000,2
"LINESTRING (1687512.350484904134646 246352.498656527110143,1687483.034158346708864 246378.423558227339527,1687392.990292446222156 246449.383491155283991,1687305.41266327444464 246509.539486095512984)",884147800422,884147800485,884147800486,1,22.222222219999999,4
"LINESTRING (1683572.597064292058349 246531.387814313406125,1684200.348678196547553 246520.915255644649733)",884147801450,884147800574,884147801379,1,11.111111110000000,2
"LINESTRING (1687305.41266327444464 246509.539486095512984,1687207.972195686772466 246572.79425139882369,1687105.197608024813235 246633.202060267125489)",884147800423,884147800486,884147800487,1,22.222222219999999,3
"LINESTRING (1687105.197608024813235 246633.202060267125489,1686990.464886581059545 246689.893904330296209,1686899.939332005567849 246731.508694146381458)",884147800424,884147800487,884147800488,1,22.222222219999999,3
"LINESTRING (1683572.597064292058349 246531.387814313406125,1682909.938499509589747 246549.314908312779153)",884147801452,884147800574,884147801381,1,11.111111110000000,2
"LINESTRING (1686899.939332005567849 246731.508694146381458,1686751.025058276252821 246799.530533070879756)",884147800425,884147800488,884147800452,1,22.222222219999999,2
